"Id","TableEnumOrId","FieldEnumOrId","CreatedById","CreatedDate"
"0G18c000003BR5YCAW","Topic","000000000000000","0058c00000Aq9ofAAB","2022-03-02 18:39:27"
"0G18c000003BR5ZCAW","Topic","Description","0058c00000Aq9ofAAB","2022-03-02 18:39:27"
"0G18c000003BR5aCAG","User","Title","0058c00000Aq9ofAAB","2022-03-02 18:39:27"
"0G18c000003BR5bCAG","User","Address","0058c00000Aq9ofAAB","2022-03-02 18:39:27"
"0G18c000003BR5cCAG","User","Email","0058c00000Aq9ofAAB","2022-03-02 18:39:27"
"0G18c000003BR5dCAG","User","Phone","0058c00000Aq9ofAAB","2022-03-02 18:39:27"
"0G18c000003BR5eCAG","User","Manager","0058c00000Aq9ofAAB","2022-03-02 18:39:27"
"0G18c000003BR5fCAG","User","AboutMe","0058c00000Aq9ofAAB","2022-03-02 18:39:27"
"0G18c000003BR5gCAG","User","000000000000000","0058c00000Aq9ofAAB","2022-03-02 18:39:27"
"0G18c000003BR5hCAG","Account","Name","0058c00000Aq9ofAAB","2022-03-02 18:39:27"
"0G18c000003BR5iCAG","Account","Owner","0058c00000Aq9ofAAB","2022-03-02 18:39:27"
"0G18c000003BR5jCAG","Account","000000000000000","0058c00000Aq9ofAAB","2022-03-02 18:39:27"
"0G18c000003BR5kCAG","Contact","Account","0058c00000Aq9ofAAB","2022-03-02 18:39:27"
"0G18c000003BR5lCAG","Contact","Name","0058c00000Aq9ofAAB","2022-03-02 18:39:27"
"0G18c000003BR5mCAG","Contact","Owner","0058c00000Aq9ofAAB","2022-03-02 18:39:27"
"0G18c000003BR5nCAG","Contact","000000000000000","0058c00000Aq9ofAAB","2022-03-02 18:39:27"
"0G18c000003BR5oCAG","Lead","Name","0058c00000Aq9ofAAB","2022-03-02 18:39:27"
"0G18c000003BR5pCAG","Lead","Status","0058c00000Aq9ofAAB","2022-03-02 18:39:27"
"0G18c000003BR5qCAG","Lead","Owner","0058c00000Aq9ofAAB","2022-03-02 18:39:27"
"0G18c000003BR5rCAG","Lead","000000000000000","0058c00000Aq9ofAAB","2022-03-02 18:39:27"
"0G18c000003BR5sCAG","Opportunity","Name","0058c00000Aq9ofAAB","2022-03-02 18:39:27"
"0G18c000003BR5tCAG","Opportunity","StageName","0058c00000Aq9ofAAB","2022-03-02 18:39:27"
"0G18c000003BR5uCAG","Opportunity","Amount","0058c00000Aq9ofAAB","2022-03-02 18:39:27"
"0G18c000003BR5vCAG","Opportunity","CloseDate","0058c00000Aq9ofAAB","2022-03-02 18:39:27"
"0G18c000003BR5wCAG","Opportunity","Owner","0058c00000Aq9ofAAB","2022-03-02 18:39:27"
"0G18c000003BR5xCAG","Opportunity","000000000000000","0058c00000Aq9ofAAB","2022-03-02 18:39:27"
"0G18c000003BR5yCAG","Case","Priority","0058c00000Aq9ofAAB","2022-03-02 18:39:27"
"0G18c000003BR5zCAG","Case","Owner","0058c00000Aq9ofAAB","2022-03-02 18:39:27"
"0G18c000003BR60CAG","Case","000000000000000","0058c00000Aq9ofAAB","2022-03-02 18:39:27"
"0G18c000003BR61CAG","ContentDocument","000000000000000","0058c00000Aq9ofAAB","2022-03-02 18:39:27"
"0G18c000003BR62CAG","CollaborationGroup","Name","0058c00000Aq9ofAAB","2022-03-02 18:39:27"
"0G18c000003BR63CAG","CollaborationGroup","Owner","0058c00000Aq9ofAAB","2022-03-02 18:39:27"
"0G18c000003BR64CAG","CollaborationGroup","CollaborationType","0058c00000Aq9ofAAB","2022-03-02 18:39:27"
"0G18c000003BR65CAG","CollaborationGroup","Description","0058c00000Aq9ofAAB","2022-03-02 18:39:27"
"0G18c000003BR66CAG","CollaborationGroup","InformationTitle","0058c00000Aq9ofAAB","2022-03-02 18:39:27"
"0G18c000003BR67CAG","CollaborationGroup","InformationBody","0058c00000Aq9ofAAB","2022-03-02 18:39:27"
"0G18c000003BR68CAG","CollaborationGroup","000000000000000","0058c00000Aq9ofAAB","2022-03-02 18:39:27"
"0G18c000003BR69CAG","Site","000000000000000","0058c00000Aq9ofAAB","2022-03-02 18:39:27"
"0G18c000003BR6ACAW","CollaborationGroup","CanHaveGuests","0058c00000Aq9ofAAB","2022-03-02 18:39:27"
