"Id","TableEnumOrId","FieldEnumOrId","CreatedById","CreatedDate"
"7378c000006lVJMAA2","Case","Asset","0058c00000Aq9ofAAB","2022-03-02 18:39:27"
"7378c000006lVJNAA2","Case","Contact","0058c00000Aq9ofAAB","2022-03-02 18:39:27"
"7378c000006lVJOAA2","Case","CurrencyIsoCode","0058c00000Aq9ofAAB","2022-03-02 18:39:27"
"7378c000006lVJPAA2","Case","Description","0058c00000Aq9ofAAB","2022-03-02 18:39:27"
"7378c000006lVJQAA2","Case","IsVisibleInCss","0058c00000Aq9ofAAB","2022-03-02 18:39:27"
"7378c000006lVJRAA2","Case","Origin","0058c00000Aq9ofAAB","2022-03-02 18:39:27"
"7378c000006lVJSAA2","Case","Owner","0058c00000Aq9ofAAB","2022-03-02 18:39:27"
"7378c000006lVJTAA2","Case","Priority","0058c00000Aq9ofAAB","2022-03-02 18:39:27"
"7378c000006lVJUAA2","Case","Reason","0058c00000Aq9ofAAB","2022-03-02 18:39:27"
"7378c000006lVJVAA2","Case","RecordType","0058c00000Aq9ofAAB","2022-03-02 18:39:27"
"7378c000006lVJWAA2","Case","Status","0058c00000Aq9ofAAB","2022-03-02 18:39:27"
"7378c000006lVJXAA2","Case","Subject","0058c00000Aq9ofAAB","2022-03-02 18:39:27"
"7378c000006lVJYAA2","Case","Type","0058c00000Aq9ofAAB","2022-03-02 18:39:27"
"7378c000006lVJZAA2","Contract","Account","0058c00000Aq9ofAAB","2022-03-02 18:39:27"
"7378c000006lVJaAAM","Contract","AutoRenewCode","0058c00000Aq9ofAAB","2022-03-02 18:39:27"
"7378c000006lVJbAAM","Contract","BankAccountName","0058c00000Aq9ofAAB","2022-03-02 18:39:27"
"7378c000006lVJcAAM","Contract","BankAccountNumber","0058c00000Aq9ofAAB","2022-03-02 18:39:27"
"7378c000006lVJdAAM","Contract","BankAccountType","0058c00000Aq9ofAAB","2022-03-02 18:39:27"
"7378c000006lVJeAAM","Contract","BankAddress","0058c00000Aq9ofAAB","2022-03-02 18:39:27"
"7378c000006lVJfAAM","Contract","BankBranchCode","0058c00000Aq9ofAAB","2022-03-02 18:39:27"
"7378c000006lVJgAAM","Contract","BankCode","0058c00000Aq9ofAAB","2022-03-02 18:39:27"
"7378c000006lVJhAAM","Contract","BankName","0058c00000Aq9ofAAB","2022-03-02 18:39:27"
"7378c000006lVJiAAM","Contract","BankReferenceNumber","0058c00000Aq9ofAAB","2022-03-02 18:39:27"
"7378c000006lVJjAAM","Contract","BillingAddress","0058c00000Aq9ofAAB","2022-03-02 18:39:27"
"7378c000006lVJkAAM","Contract","BillingCompany","0058c00000Aq9ofAAB","2022-03-02 18:39:27"
"7378c000006lVJlAAM","Contract","BillingEmail","0058c00000Aq9ofAAB","2022-03-02 18:39:27"
"7378c000006lVJmAAM","Contract","BillingFax","0058c00000Aq9ofAAB","2022-03-02 18:39:27"
"7378c000006lVJnAAM","Contract","BillingLanguage","0058c00000Aq9ofAAB","2022-03-02 18:39:27"
"7378c000006lVJoAAM","Contract","BillingName","0058c00000Aq9ofAAB","2022-03-02 18:39:27"
"7378c000006lVJpAAM","Contract","BillingPhone","0058c00000Aq9ofAAB","2022-03-02 18:39:27"
"7378c000006lVJqAAM","Contract","CompanySigned","0058c00000Aq9ofAAB","2022-03-02 18:39:27"
"7378c000006lVJrAAM","Contract","CompanySignedDate","0058c00000Aq9ofAAB","2022-03-02 18:39:27"
"7378c000006lVJsAAM","Contract","ContractTerm","0058c00000Aq9ofAAB","2022-03-02 18:39:27"
"7378c000006lVJtAAM","Contract","CreditCardExpirationDate","0058c00000Aq9ofAAB","2022-03-02 18:39:27"
"7378c000006lVJuAAM","Contract","CreditCardNumber","0058c00000Aq9ofAAB","2022-03-02 18:39:27"
"7378c000006lVJvAAM","Contract","CreditCardType","0058c00000Aq9ofAAB","2022-03-02 18:39:27"
"7378c000006lVJwAAM","Contract","CurrencyIsoCode","0058c00000Aq9ofAAB","2022-03-02 18:39:27"
"7378c000006lVJxAAM","Contract","CustomerExpirationNotice","0058c00000Aq9ofAAB","2022-03-02 18:39:27"
"7378c000006lVJyAAM","Contract","CustomerSigned","0058c00000Aq9ofAAB","2022-03-02 18:39:27"
"7378c000006lVJzAAM","Contract","CustomerSignedDate","0058c00000Aq9ofAAB","2022-03-02 18:39:27"
"7378c000006lVK0AAM","Contract","CustomerSignedTitle","0058c00000Aq9ofAAB","2022-03-02 18:39:27"
"7378c000006lVK1AAM","Contract","Description","0058c00000Aq9ofAAB","2022-03-02 18:39:27"
"7378c000006lVK2AAM","Contract","EndDate","0058c00000Aq9ofAAB","2022-03-02 18:39:27"
"7378c000006lVK3AAM","Contract","InvoiceDispatchMethod","0058c00000Aq9ofAAB","2022-03-02 18:39:27"
"7378c000006lVK4AAM","Contract","IsDunningSuppressed","0058c00000Aq9ofAAB","2022-03-02 18:39:27"
"7378c000006lVK5AAM","Contract","Name","0058c00000Aq9ofAAB","2022-03-02 18:39:27"
"7378c000006lVK6AAM","Contract","NameOnCreditCard","0058c00000Aq9ofAAB","2022-03-02 18:39:27"
"7378c000006lVK7AAM","Contract","OfferExpirationDate","0058c00000Aq9ofAAB","2022-03-02 18:39:27"
"7378c000006lVK8AAM","Contract","OrderPrebillDays","0058c00000Aq9ofAAB","2022-03-02 18:39:27"
"7378c000006lVK9AAM","Contract","Owner","0058c00000Aq9ofAAB","2022-03-02 18:39:27"
"7378c000006lVKAAA2","Contract","OwnerExpirationNotice","0058c00000Aq9ofAAB","2022-03-02 18:39:27"
"7378c000006lVKBAA2","Contract","PaymentTerm","0058c00000Aq9ofAAB","2022-03-02 18:39:27"
"7378c000006lVKCAA2","Contract","PaymentType","0058c00000Aq9ofAAB","2022-03-02 18:39:27"
"7378c000006lVKDAA2","Contract","Pricebook2","0058c00000Aq9ofAAB","2022-03-02 18:39:27"
"7378c000006lVKEAA2","Contract","RecordType","0058c00000Aq9ofAAB","2022-03-02 18:39:27"
"7378c000006lVKFAA2","Contract","RenewalDays","0058c00000Aq9ofAAB","2022-03-02 18:39:27"
"7378c000006lVKGAA2","Contract","RenewalTerm","0058c00000Aq9ofAAB","2022-03-02 18:39:27"
"7378c000006lVKHAA2","Contract","Salesrep1","0058c00000Aq9ofAAB","2022-03-02 18:39:27"
"7378c000006lVKIAA2","Contract","Salesrep1Percent","0058c00000Aq9ofAAB","2022-03-02 18:39:27"
"7378c000006lVKJAA2","Contract","Salesrep2","0058c00000Aq9ofAAB","2022-03-02 18:39:27"
"7378c000006lVKKAA2","Contract","Salesrep2Percent","0058c00000Aq9ofAAB","2022-03-02 18:39:27"
"7378c000006lVKLAA2","Contract","Salesrep3","0058c00000Aq9ofAAB","2022-03-02 18:39:27"
"7378c000006lVKMAA2","Contract","Salesrep3Percent","0058c00000Aq9ofAAB","2022-03-02 18:39:27"
"7378c000006lVKNAA2","Contract","ShippingAddress","0058c00000Aq9ofAAB","2022-03-02 18:39:27"
"7378c000006lVKOAA2","Contract","SpecialTerms","0058c00000Aq9ofAAB","2022-03-02 18:39:27"
"7378c000006lVKPAA2","Contract","StartDate","0058c00000Aq9ofAAB","2022-03-02 18:39:27"
"7378c000006lVKQAA2","Contract","Status","0058c00000Aq9ofAAB","2022-03-02 18:39:27"
"7378c000006lVKRAA2","Contract","TaxExemptionCode","0058c00000Aq9ofAAB","2022-03-02 18:39:27"
"7378c000006lVKSAA2","Order","BillToContact","0058c00000Aq9ofAAB","2022-03-02 18:39:27"
"7378c000006lVKTAA2","Order","BillingAddress","0058c00000Aq9ofAAB","2022-03-02 18:39:27"
"7378c000006lVKUAA2","Order","CompanyAuthorizedBy","0058c00000Aq9ofAAB","2022-03-02 18:39:27"
"7378c000006lVKVAA2","Order","CompanyAuthorizedDate","0058c00000Aq9ofAAB","2022-03-02 18:39:27"
"7378c000006lVKWAA2","Order","CustomerAuthorizedBy","0058c00000Aq9ofAAB","2022-03-02 18:39:27"
"7378c000006lVKXAA2","Order","CustomerAuthorizedDate","0058c00000Aq9ofAAB","2022-03-02 18:39:27"
"7378c000006lVKYAA2","Order","Description","0058c00000Aq9ofAAB","2022-03-02 18:39:27"
"7378c000006lVKZAA2","Order","EffectiveDate","0058c00000Aq9ofAAB","2022-03-02 18:39:27"
"7378c000006lVKbAAM","Order","Name","0058c00000Aq9ofAAB","2022-03-02 18:39:27"
"7378c000006lVKdAAM","Order","OrderReferenceNumber","0058c00000Aq9ofAAB","2022-03-02 18:39:27"
"7378c000006lVKeAAM","Order","PoDate","0058c00000Aq9ofAAB","2022-03-02 18:39:27"
"7378c000006lVKfAAM","Order","PoNumber","0058c00000Aq9ofAAB","2022-03-02 18:39:27"
"7378c000006lVKhAAM","Order","ShipToContact","0058c00000Aq9ofAAB","2022-03-02 18:39:27"
"7378c000006lVKiAAM","Order","ShippingAddress","0058c00000Aq9ofAAB","2022-03-02 18:39:27"
"7378c000006lVKjAAM","Order","Status","0058c00000Aq9ofAAB","2022-03-02 18:39:27"
"7378c000006lVKkAAM","Order","TotalAmount","0058c00000Aq9ofAAB","2022-03-02 18:39:27"
"7378c000006lVKlAAM","Order","Type","0058c00000Aq9ofAAB","2022-03-02 18:39:27"
"7378c000006lVKmAAM","Solution","CurrencyIsoCode","0058c00000Aq9ofAAB","2022-03-02 18:39:27"
"7378c000006lVKnAAM","Solution","IsPublished","0058c00000Aq9ofAAB","2022-03-02 18:39:27"
"7378c000006lVKoAAM","Solution","IsPublishedInPublicKb","0058c00000Aq9ofAAB","2022-03-02 18:39:27"
"7378c000006lVKpAAM","Solution","Owner","0058c00000Aq9ofAAB","2022-03-02 18:39:27"
"7378c000006lVKqAAM","Solution","RecordType","0058c00000Aq9ofAAB","2022-03-02 18:39:27"
"7378c000006lVKrAAM","Solution","SolutionName","0058c00000Aq9ofAAB","2022-03-02 18:39:27"
"7378c000006lVKsAAM","Solution","SolutionNote","0058c00000Aq9ofAAB","2022-03-02 18:39:27"
"7378c000006lVKtAAM","Solution","Status","0058c00000Aq9ofAAB","2022-03-02 18:39:27"
