"Id","IsDeleted","MasterRecordId","Salutation","FirstName","LastName","Title","Company","Street","City","State","PostalCode","Country","Latitude","Longitude","GeocodeAccuracy","Phone","MobilePhone","Fax","Email","Website","Description","LeadSource","Status","Industry","Rating","AnnualRevenue","NumberOfEmployees","OwnerId","HasOptedOutOfEmail","IsConverted","ConvertedDate","ConvertedAccountId","ConvertedContactId","ConvertedOpportunityId","IsUnreadByOwner","CreatedDate","CreatedById","LastModifiedDate","LastModifiedById","SystemModstamp","LastActivityDate","DoNotCall","HasOptedOutOfFax","LastTransferDate","Jigsaw","JigsawContactId","EmailBouncedReason","EmailBouncedDate","IndividualId"
"00Q8c00000zSLYdEAO","0","","","Sarah","Loehr","System Administrator","MedLife, Inc.","One Jones Avenue","New York","New York","10010","United States","","","","(555) 555-1212","","","info@salesforce.com","","","Employee Referral","Contacted","Insurance","","33147","48500","0058c00000Aq9ofAAB","0","0","","000000000000000AAA","000000000000000AAA","000000000000000AAA","1","2022-03-02 18:39:27","0058c00000Aq9ofAAB","2022-03-02 18:39:27","0058c00000Aq9ofAAB","2022-03-07 19:59:37","","0","0","2022-03-07 19:59:37","","","","",""
"00Q8c00000zSLYeEAO","0","","Mr.","John","Gardner","Exec VP","3C Systems","1 Boston Rd","Marlborough","Massachusetts","1752","United States","","","","(555) 555-1212","","","info@salesforce.com","","","Other","New","Aerospace & Defense","","16867","87200","0058c00000Aq9ofAAB","0","0","","000000000000000AAA","000000000000000AAA","000000000000000AAA","1","2022-03-02 18:39:27","0058c00000Aq9ofAAB","2022-03-02 18:39:27","0058c00000Aq9ofAAB","2022-03-07 19:59:37","","0","0","2022-03-07 19:59:37","","","","",""
"00Q8c00000zSLYfEAO","0","","Mr.","Andy","Smith","Vice President","Universal Technologies","Universal Building","Hartford","Connecticut","6103","United States","","","","(555) 555-1212","","","info@salesforce.com","","","Advertisement","New","Aerospace & Defense","","28212","155000","0058c00000Aq9ofAAB","0","0","","000000000000000AAA","000000000000000AAA","000000000000000AAA","1","2022-03-02 18:39:27","0058c00000Aq9ofAAB","2022-03-02 18:39:27","0058c00000Aq9ofAAB","2022-03-07 19:59:37","","0","0","2022-03-07 19:59:37","","","","",""
"00Q8c00000zSLYgEAO","0","","","Jim","Steele","Senior VP","BigLife Inc.","11 Farm Avenue","Hartford","Connecticut","6156","United States","","","","(555) 555-1212","","","info@salesforce.com","","","Employee Referral","New","Insurance","","19879","28000","0058c00000Aq9ofAAB","0","0","","000000000000000AAA","000000000000000AAA","000000000000000AAA","1","2022-03-02 18:39:27","0058c00000Aq9ofAAB","2022-03-02 18:39:27","0058c00000Aq9ofAAB","2022-03-07 19:59:37","","0","0","2022-03-07 19:59:37","","","","",""
