"Id","IsDeleted","AccountId","IsPrivate","Name","Description","StageName","StageSortOrder","Amount","Probability","ExpectedRevenue","TotalOpportunityQuantity","CloseDate","Type","NextStep","LeadSource","IsClosed","IsWon","ForecastCategory","ForecastCategoryName","CampaignId","HasOpportunityLineItem","Pricebook2Id","OwnerId","CreatedDate","CreatedById","LastModifiedDate","LastModifiedById","SystemModstamp","LastActivityDate","LastStageChangeDate","FiscalYear","FiscalQuarter","ContactId","PrimaryPartnerAccountId","ContractId","LastAmountChangedHistoryId","LastCloseDateChangedHistoryId"
"0068c00000owfbqAAA","0","0018c00002D8tzzAAB","0","salesforce.com - 5000 Widgets","Initial deal for 5000 widgets. We expect follow-on business with a potential upside of 40000 additional widgets over the next 12 months.","Closed Won","9","500000","100","500000","","2019-11-14 00:00:00","New Business","Closed!","Advertisement","1","1","Closed","Closed","000000000000000AAA","","","0058c00000Aq9ofAAB","2022-03-02 18:39:27","0058c00000Aq9ofAAB","2022-03-02 18:39:27","0058c00000Aq9ofAAB","2022-03-02 18:39:27","","","2007","2","000000000000000AAA","","","",""
"0068c00000owfbrAAA","0","0018c00002D8tzzAAB","0","salesforce.com - 500 Widgets","Initial deal for 500 widgets. We expect follow-on business with a potential upside of 4000 additional widgets over the next 12 months.","Closed Won","9","50000","100","50000","","2019-11-14 00:00:00","Existing Business","Closed!","Advertisement","1","1","Closed","Closed","000000000000000AAA","","","0058c00000Aq9ofAAB","2022-03-02 18:39:27","0058c00000Aq9ofAAB","2022-03-02 18:39:27","0058c00000Aq9ofAAB","2022-03-02 18:39:27","","","2007","2","000000000000000AAA","","","",""
"0068c00000owfbsAAA","0","0018c00002D8tzzAAB","0","Global Media - 400 Widgets","The deal is at 60% because they are still at the sales process stage of getting buy-in from the key decision makers.","Id. Decision Makers","5","40000","60","24000","","2020-01-15 00:00:00","New Business","","Partner","0","0","Pipeline","Pipeline","000000000000000AAA","","","0058c00000Aq9ofAAB","2022-03-02 18:39:27","0058c00000Aq9ofAAB","2022-03-02 18:39:27","0058c00000Aq9ofAAB","2022-03-02 18:39:27","","","2007","3","000000000000000AAA","","","",""
"0068c00000owfbtAAA","0","0018c00002D8u00AAB","0","Acme - 1,200 Widgets","The deal is at  50% because they are at the sales process stage of evaluating our ROI justification.","Value Proposition","4","140000","50","70000","","2019-12-17 00:00:00","Existing Business","Need estimate","Trade Show","0","0","Pipeline","Pipeline","000000000000000AAA","","","0058c00000Aq9ofAAB","2022-03-02 18:39:27","0058c00000Aq9ofAAB","2022-03-02 18:39:27","0058c00000Aq9ofAAB","2022-03-02 18:39:27","","","2007","2","000000000000000AAA","","","",""
"0068c00000owfbuAAA","0","0018c00002D8u00AAB","0","Acme - 600 Widgets","The deal is at 20% because they are at the sales process stage of defining their requirements.  It is not clear whether our solutions are a good fit or not but they are willing to discuss this in detail.","Needs Analysis","3","70000","20","14000","","2020-02-12 00:00:00","New Business","Need estimate","Trade Show","0","0","Pipeline","Pipeline","000000000000000AAA","","","0058c00000Aq9ofAAB","2022-03-02 18:39:27","0058c00000Aq9ofAAB","2022-03-02 18:39:27","0058c00000Aq9ofAAB","2022-03-02 18:39:27","","","2007","3","000000000000000AAA","","","",""
"0068c00000owfbvAAA","0","0018c00002D8u00AAB","0","Acme - 200 Widgets","The deal is at 10% because they are at the sales process stage of evaluating just being converted from a lead.  No formal sales engagement has taken place yet.","Prospecting","1","20000","10","2000","","2020-04-16 00:00:00","Existing Business","Need estimate","Word of mouth","0","0","Pipeline","Pipeline","000000000000000AAA","","","0058c00000Aq9ofAAB","2022-03-02 18:39:27","0058c00000Aq9ofAAB","2022-03-02 18:39:27","0058c00000Aq9ofAAB","2022-03-02 18:39:27","","","2007","4","000000000000000AAA","","","",""
"0068c00000owfbwAAA","0","0018c00002D8u01AAB","0","salesforce.com - 1,000 Widgets","They are interested in our widgets!  The deal is at 90% because they are at the sales process stage of negotiating the finer points of a proposal that we submitted.  We are negotiating with their key decision makers and are confident that this deal will close soon.","Negotiation/Review","8","100000","90","90000","","2019-12-17 00:00:00","New Business","Close the deal!","Advertisement","0","0","Pipeline","Pipeline","000000000000000AAA","","","0058c00000Aq9ofAAB","2022-03-02 18:39:27","0058c00000Aq9ofAAB","2022-03-02 18:39:27","0058c00000Aq9ofAAB","2022-03-02 18:39:27","","","2007","2","000000000000000AAA","","","",""
"0068c00000owfbxAAA","0","0018c00002D8u01AAB","0","salesforce.com - 2,000 Widgets","More widgets required.  The deal is at 50% because they are still at the sales process stage of evaluating the business/value justification that we submitted.","Value Proposition","4","20000","50","10000","","2020-02-14 00:00:00","Existing Business","Meet at Widget Conference","Partner","0","0","Pipeline","Pipeline","000000000000000AAA","","","0058c00000Aq9ofAAB","2022-03-02 18:39:27","0058c00000Aq9ofAAB","2022-03-02 18:39:27","0058c00000Aq9ofAAB","2022-03-02 18:39:27","","","2007","3","000000000000000AAA","","","",""
