"Id","IsDeleted","Name","CreatedDate","CreatedById","LastModifiedDate","LastModifiedById","SystemModstamp","UserId","Questionnaire","Status"
"4QS8c000000GVrKGAW","0","health_cloud_industries","2022-03-07 20:02:24","0058c00000Aq9ofAAB","2022-03-07 20:02:24","0058c00000Aq9ofAAB","2022-03-07 20:02:24","0058c00000Aq9ofAAB","health_cloud_industries","Invisible"
"4QS8c000000GVrLGAW","0","terms_of_service","2022-03-07 20:02:24","0058c00000Aq9ofAAB","2022-03-07 20:02:24","0058c00000Aq9ofAAB","2022-03-07 20:02:24","0058c00000Aq9ofAAB","terms_of_service","Invisible"
"4QS8c000000GVrMGAW","0","gs_crm","2022-03-07 20:02:24","0058c00000Aq9ofAAB","2022-03-07 20:02:24","0058c00000Aq9ofAAB","2022-03-07 20:02:24","0058c00000Aq9ofAAB","gs_crm","Invisible"
"4QS8c000000GVrNGAW","0","gs_not_crm","2022-03-07 20:02:24","0058c00000Aq9ofAAB","2022-03-07 20:02:24","0058c00000Aq9ofAAB","2022-03-07 20:02:24","0058c00000Aq9ofAAB","gs_not_crm","Invisible"
