"Id","Username","FirstName","LastName","CompanyName","Division","Department","Title","Street","City","State","PostalCode","Country","Latitude","Longitude","GeocodeAccuracy","Email","SenderEmail","SenderName","Signature","StayInTouchSubject","StayInTouchSignature","StayInTouchNote","Phone","Fax","MobilePhone","Alias","CommunityNickname","IsActive","IsSystemControlled","TimeZoneSidKey","UserRoleId","LocaleSidKey","ReceivesInfoEmails","ReceivesAdminInfoEmails","EmailEncodingKey","ProfileId","UserType","UserSubtype","StartDay","EndDay","LanguageLocaleKey","EmployeeNumber","DelegatedApproverId","ManagerId","LastLoginDate","LastPasswordChangeDate","CreatedDate","CreatedById","LastModifiedDate","LastModifiedById","SystemModstamp","NumberOfFailedLogins","SuAccessExpirationDate","SuOrgAdminExpirationDate","OfflineTrialExpirationDate","WirelessTrialExpirationDate","OfflinePdaTrialExpirationDate","ForecastEnabled","ContactId","AccountId","CallCenterId","Extension","FederationIdentifier","AboutMe","LoginLimit","ProfilePhotoId","DigestFrequency","DefaultGroupNotificationFrequency","WorkspaceId","SharingType","ChatterAdoptionStage","ChatterAdoptionStageModifiedDate","BannerPhotoId","IsProfilePhotoActive","IndividualId","GlobalIdentity"
"0058c00000AhXJKAA3","autoproc@00d8c000005uwtneau","Automated","Process","New Company Name","","","","","","","","xx","","","","autoproc@00d8c000005uwtneau","","","","","","","","","","autoproc","automatedprocess","1","0","America/Los_Angeles","000000000000000AAA","en_US","1","0","UTF-8","00e8c000002oABhAAM","AutomatedProcess","","","","en_US","","000000000000000AAA","","","","2022-03-02 18:39:27","0058c00000AhXJLAA3","2022-03-02 18:39:27","0058c00000AhXJLAA3","2022-03-07 19:59:38","","","","","","","0","000000000000000AAA","000000000000000AAA","","","","","","","D","N","","AutomatedProcess","NU","2015-12-09 06:00:05","","0","",""
"0058c00000AhXJLAA3","sfdcadmin@00d8c000005uwtneau","Salesforce","Administrator","New Company Name","","","","","","","","xx","","","","sfdcadmin@00d8c000005uwtneau","","","","","","","","","","sfdcadmn","sfdcadmn","1","0","America/Los_Angeles","000000000000000AAA","en_US","1","0","UTF-8","00e8c000002oABiAAM","SfdcAdmin","","","","en_US","","000000000000000AAA","","","","2022-03-02 18:39:27","0058c00000Aq9ofAAB","2022-03-02 18:39:27","0058c00000Aq9ofAAB","2022-03-07 19:59:38","0","","","","","","0","000000000000000AAA","000000000000000AAA","","","","","","","D","N","","SfdcAdmin","NU","2015-12-09 06:00:05","","0","",""
"0058c00000AhXJMAA3","cloud@00d8c000005uwtneau","","Platform Integration User","New Company Name","","","","","","","","xx","","","","noreply@00d8c000005uwtneau","","","","","","","","","","platint","User16293379711879608767","1","0","America/Los_Angeles","000000000000000AAA","en_US","1","0","UTF-8","00e8c000002oABfAAM","CloudIntegrationUser","","","","en_US","","000000000000000AAA","000000000000000AAA","","","2022-03-02 18:39:27","0058c00000AhXJLAA3","2022-03-02 18:39:27","0058c00000AhXJLAA3","2022-03-07 19:59:38","","","","","","","0","000000000000000AAA","000000000000000AAA","","","","","","","N","N","000000000000000AAA","CloudIntegrationUser","","","","0","000000000000000AAA",""
"0058c00000AhXJNAA3","chatty.00d8c000005uwtneau.nl3773tnhzmt@chatter.salesforce.com","","Chatter Expert","New Company Name","","","","","","","","xx","","","","noreply@chatter.salesforce.com","","","","","","","","","","Chatter","Chatter Expert","1","0","America/Los_Angeles","000000000000000AAA","en_US","1","0","UTF-8","00e8c000002oABjAAM","CsnOnly","","","","en_US","","000000000000000AAA","000000000000000AAA","","","2022-03-02 18:39:27","0058c00000Aq9ofAAB","2022-03-02 18:39:27","0058c00000Aq9ofAAB","2022-03-07 20:00:00","","","","","","","0","000000000000000AAA","000000000000000AAA","","","","I?m here to help you get started with Chatter. I?ll introduce you to features, create sample posts, and suggest tips and best practices.  I'm an automated user so you don't need to worry about privacy! I can't see any of your posts or files.  If I'm too noisy, have your admin or moderator deactivate me and I'll stop posting.","","7298c0000018u5tAAA","D","N","000000000000000AAA","CsnOnly","","","","1","","70ce2656-3a4b-4711-811b-5ff4eed436fa"
"0058c00000AhXJOAA3","automatedclean@00d8c000005uwtneau","","Data.com Clean","New Company Name","","","","","","","","xx","","","","automatedclean@00d8c000005uwtneau","","","","","","","","","","autocln","automatedclean1.466102071763606E12","1","0","America/Los_Angeles","000000000000000AAA","en_US","1","0","UTF-8","00e8c000002oABhAAM","AutomatedProcess","Clean","","","en_US","","000000000000000AAA","000000000000000AAA","","","2022-03-02 18:39:27","0058c00000AhXJLAA3","2022-03-02 18:39:27","0058c00000AhXJLAA3","2022-03-07 19:59:38","","","","","","","0","000000000000000AAA","000000000000000AAA","","","","","","","N","N","000000000000000AAA","AutomatedProcess","","","","0","",""
"0058c00000AhXJPAA3","033i0000000elvoaa0@00d8c000005uwtneau","","Power of Us Hub","New Company Name","","","","","","","","xx","","","","noreply@00d8c000005uwtneau","","","","","","","","","","APP","033i0000000elvoaa01.466107647213766E12","1","0","America/Los_Angeles","000000000000000AAA","en_US","1","0","UTF-8","00e8c000002oABkAAM","LicenseManager","","","","en_US","","000000000000000AAA","000000000000000AAA","","","2022-03-02 18:39:27","0058c00000Aq9ofAAB","2022-03-02 18:39:27","0058c00000Aq9ofAAB","2022-03-07 19:59:38","","","","","","","0","000000000000000AAA","000000000000000AAA","","","","","","","N","N","000000000000000AAA","LicenseManager","","","","0","",""
"0058c00000Aq9ofAAB","gmeeks+changesets@copado.com","Garrett","Meeks","Copado","","","","","","","","US","","","","gmeeks+changesets@copado.com","","","","","","","","","","GMeek","gmeeks+changesets","1","0","America/Los_Angeles","000000000000000AAA","en_US","0","1","UTF-8","00e8c000002oABgAAM","Standard","","6","23","en_US","","000000000000000AAA","000000000000000AAA","2022-03-10 21:53:25","2022-03-07 20:02:15","2022-03-02 18:39:27","0058c00000Aq9ofAAB","2022-03-07 20:02:19","0058c00000Aq9ofAAB","2022-03-10 21:54:55","0","","","","","","1","000000000000000AAA","000000000000000AAA","","","","","","","D","N","000000000000000AAA","Standard","NU","2016-11-11 06:00:35","","0","000000000000000AAA","4716b5c9-5ed8-459a-90f1-ab29d46304c9"
