"Id","OwnerId","IsDeleted","Name","CreatedDate","CreatedById","LastModifiedDate","LastModifiedById","SystemModstamp","IsCompanyWide","Description","ImageUrl","IsActive","LimitNumber","IsLimitPerUser","LimitStartDate"
"0W18c000003xCCWCA2","0058c00000Aq9ofAAB","0","Thanks","2022-03-02 18:39:27","0058c00000Aq9ofAAB","2022-03-02 18:39:27","0058c00000Aq9ofAAB","2022-03-02 18:39:27","1","Thank you for going above and beyond to contribute to our success!","/img/rypple/Thanks.png","1","","0",""
"0W18c000003xCCXCA2","0058c00000Aq9ofAAB","0","You're a RockStar!","2022-03-02 18:39:27","0058c00000Aq9ofAAB","2022-03-02 18:39:27","0058c00000Aq9ofAAB","2022-03-02 18:39:27","1","Great job - you rocked it!","/img/rypple/RockStar.png","1","","0",""
"0W18c000003xCCYCA2","0058c00000Aq9ofAAB","0","Team Player","2022-03-02 18:39:27","0058c00000Aq9ofAAB","2022-03-02 18:39:27","0058c00000Aq9ofAAB","2022-03-02 18:39:27","1","Success is a team sport. Thanks for playing!","/img/rypple/Team.png","1","","0",""
"0W18c000003xCCZCA2","0058c00000Aq9ofAAB","0","All About Execution","2022-03-02 18:39:27","0058c00000Aq9ofAAB","2022-03-02 18:39:27","0058c00000Aq9ofAAB","2022-03-02 18:39:27","1","Like the mailman, you deliver!","/img/rypple/Execution.png","1","","0",""
"0W18c000003xCCaCAM","0058c00000Aq9ofAAB","0","Teacher","2022-03-02 18:39:27","0058c00000Aq9ofAAB","2022-03-02 18:39:27","0058c00000Aq9ofAAB","2022-03-02 18:39:27","1","For sharing your knowledge","/img/rypple/Teacher.png","1","","0",""
"0W18c000003xCCbCAM","0058c00000Aq9ofAAB","0","Top Performer","2022-03-02 18:39:27","0058c00000Aq9ofAAB","2022-03-02 18:39:27","0058c00000Aq9ofAAB","2022-03-02 18:39:27","1","For crushing your numbers!","/img/rypple/Sales.png","1","","0",""
"0W18c000003xCCcCAM","0058c00000Aq9ofAAB","0","Hot Lead","2022-03-02 18:39:27","0058c00000Aq9ofAAB","2022-03-02 18:39:27","0058c00000Aq9ofAAB","2022-03-02 18:39:27","1","Thank you for your hot lead!","/img/rypple/Lead.png","1","","0",""
"0W18c000003xCCdCAM","0058c00000Aq9ofAAB","0","Key Win","2022-03-02 18:39:27","0058c00000Aq9ofAAB","2022-03-02 18:39:27","0058c00000Aq9ofAAB","2022-03-02 18:39:27","1","Great job on winning a great deal for the company!","/img/rypple/KeyWin.png","1","","0",""
"0W18c000003xCCeCAM","0058c00000Aq9ofAAB","0","Customer Hero","2022-03-02 18:39:27","0058c00000Aq9ofAAB","2022-03-02 18:39:27","0058c00000Aq9ofAAB","2022-03-02 18:39:27","1","The customer is always #1","/img/rypple/Customer.png","1","","0",""
"0W18c000003xCCfCAM","0058c00000Aq9ofAAB","0","Competition Crusher","2022-03-02 18:39:27","0058c00000Aq9ofAAB","2022-03-02 18:39:27","0058c00000Aq9ofAAB","2022-03-02 18:39:27","1","You're crushing the competition","/img/rypple/Competition.png","1","","0",""
"0W18c000003xCCgCAM","0058c00000Aq9ofAAB","0","Deal Maker","2022-03-02 18:39:27","0058c00000Aq9ofAAB","2022-03-02 18:39:27","0058c00000Aq9ofAAB","2022-03-02 18:39:27","1","Always be closing!","/img/rypple/DealMaker.png","1","","0",""
"0W18c000003xCChCAM","0058c00000Aq9ofAAB","0","Gold Star","2022-03-02 18:39:27","0058c00000Aq9ofAAB","2022-03-02 18:39:27","0058c00000Aq9ofAAB","2022-03-02 18:39:27","1","Sealing a great job with a gold star.","/img/rypple/GoldStar.png","1","","0",""
